Token,Item Name,Description,Category,SKU,Variation Name,Price,Current Quantity D&H,New Quantity D&H,Stock Alert Enabled D&H,Stock Alert Count D&H,Tax - Sales Tax (8.7%)
,5,,A,,,15,1,,,,
,5,,A,,,16,1,,,,
,5,,A,,,18,1,,,,
,5,,A,,,20,2,,,,
,5,,B,,,2,1,,,,
,5,,B,,,5,1,,,,
,5,,B,,,8,2,,,,
,5,,B,,,10,1,,,,
,5,,B,,,12,1,,,,
,5,,B,,,15,5,,,,
,5,,B,,,22,1,,,,
,5,,BD,,,6,1,,,,
,5,,BD,,,8,1,,,,
,5,,BD,,,10,3,,,,
,5,,BD,,,16,2,,,,
,5,,BD,,,20,1,,,,
,5,,BD,,,21,1,,,,
,5,,BG,,,17,1,,,,
,5,,BG,,,25,1,,,,
,5,,BG,,,220,1,,,,
,5,,C,,,1,11,,,,
,5,,C,,,3,9,,,,
,5,,C,,,8,2,,,,
,5,,C,,,10,3,,,,
,5,,C,,,12,1,,,,
,5,,C,,,14,1,,,,
,5,,C,,,15,2,,,,
,5,,C,,,18,1,,,,
,5,,C,,,20,3,,,,
,5,,C,,,21,1,,,,
,5,,C,,,32,1,,,,
,5,,C,,,40,2,,,,
,5,,C,,,120,1,,,,
,5,,CD,,,28,1,,,,
,5,,F,,,20,1,,,,
,5,,F,,,45,1,,,,
,5,,F,,,60,1,,,,
,5,,F,,,100,1,,,,
,5,,F,,,270,1,,,,
,5,,G,,,6,6,,,,
,5,,G,,,8,4,,,,
,5,,G,,,10,5,,,,
,5,,G,,,12,3,,,,
,5,,G,,,14,3,,,,
,5,,G,,,15,5,,,,
,5,,G,,,18,2,,,,
,5,,G,,,20,3,,,,
,5,,G,,,22,2,,,,
,5,,G,,,25,1,,,,
,5,,G,,,26,2,,,,
,5,,G,,,30,1,,,,
,5,,G,,,32,1,,,,
,5,,GD,,,14,1,,,,
,5,,GD,,,15,1,,,,
,5,,K,,,6,6,,,,
,5,,K,,,7,4,,,,
,5,,K,,,10,13,,,,
,5,,K,,,15,1,,,,
,5,,K,,,16,1,,,,
,5,,K,,,20,1,,,,
,5,,L,,,6,1,,,,
,5,,L,,,28,1,,,,
,5,,L,,,30,1,,,,
,5,,L,,,40,1,,,,
,5,,L,,,140,1,,,,
,5,,MA,,,7,2,,,,
,5,,MA,,,15,1,,,,
,5,,MA,,,18,1,,,,
,5,,MA,,,18,1,,,,
,5,,MA,,,20,2,,,,
,5,,MD,,,8,3,,,,
,5,,MD,,,10,5,,,,
,5,,MD,,,12,6,,,,
,5,,MD,,,14,3,,,,
,5,,MD,,,24,1,,,,
,5,,MD,,,30,1,,,,
,5,,MD,,,35,1,,,,
,5,,MD,,,38,2,,,,
,5,,MD,,,42,1,,,,
,5,,MD,,,46,1,,,,
,5,,MD,,,80,1,,,,
,5,,P,,,4,1,,,,
,5,,P,,,6,4,,,,
,5,,P,,,8,7,,,,
,5,,P,,,9,1,,,,
,5,,P,,,10,7,,,,
,5,,P,,,12,6,,,,
,5,,P,,,14,4,,,,
,5,,P,,,15,1,,,,
,5,,P,,,16,2,,,,
,5,,P,,,20,1,,,,
,5,,P,,,22,1,,,,
,5,,P,,,24,1,,,,
,5,,P,,,32,1,,,,
,5,,PI,,,6,1,,,,
,,,,,,,,,,,
,5,,T,,,8,2,,,,
,5,,T,,,15,1,,,,
,5,,T,,,20,1,,,,
,5,,T,,,30,1,,,,
,5,,T,,,40,1,,,,
,5,,V,,,15,1,,,,
,5,,VD,,,4,1,,,,
,5,,VD,,,20,2,,,,
,5,,VD,,,25,1,,,,
,5,,VD,,,30,1,,,,
,5,,W,,,6,1,,,,
,5,,W,,,8,2,,,,
,5,,W,,,10,2,,,,
,5,,W,,,15,1,,,,
,5,,W,,,21,1,,,,
,5,,W,,,25,2,,,,
,5,,W,,,30,1,,,,
,5,,WD,,,8,3,,,,
,5,,WD,,,10,2,,,,
,5,,WD,,,12,7,,,,
,5,,WD,,,14,1,,,,
,5,,WD,,,20,1,,,,
,5,,WD,,,22,1,,,,
,5,,WD,,,24,1,,,,
,5,,WD,,,26,1,,,,
,5,,WD,,,40,1,,,,
,6,,A,,,3,2,,,,
,6,,A,,,8,1,,,,
,6,,A,,,10,1,,,,
,6,,A,,,12,1,,,,
,6,,A,,,15,3,,,,
,6,,A,,,20,1,,,,
,6,,A,,,28,1,,,,
,6,,A,,,35,1,,,,
,6,,B,,,6,10,,,,
,6,,B,,,6,27,,,,
,6,,B,,,8,10,,,,
,6,,B,,,8,10,,,,
,6,,B,,,8,10,,,,
,6,,B,,,8,10,,,,
,6,,B,,,8,10,,,,
,6,,B,,,8,10,,,,
,6,,B,,,8,8,,,,
,6,,B,,,9,1,,,,
,6,,B,,,10,1,,,,
,6,,B,,,12,4,,,,
,6,,B,,,13,1,,,,
,6,,B,,,15,3,,,,
,6,,B,,,30,1,,,,
,6,,BD,,,6,1,,,,
,6,,BD,,,8,1,,,,
,6,,BD,,,9,1,,,,
,6,,BD,,,10,1,,,,
,6,,BD,,,30,1,,,,
,6,,BD,,,44,1,,,,
,6,,BD,,,65,1,,,,
,6,,C,,,1,4,,,,
,6,,C,,,3,7,,,,
,6,,C,,,10,6,,,,
,6,,C,,,12,2,,,,
,6,,C,,,14,1,,,,
,6,,C,,,15,3,,,,
,6,,C,,,16,1,,,,
,6,,C,,,18,1,,,,
,6,,C,,,19,1,,,,
,6,,C,,,20,3,,,,
,6,,C,,,24,1,,,,
,6,,C,,,25,1,,,,
,6,,C,,,28,1,,,,
,6,,C,,,30,1,,,,
,6,,C,,,32,1,,,,
,6,,C,,,35,1,,,,
,6,,D,,,25,13,,,,
,6,,F,,,15,1,,,,
,6,,F,,,20,2,,,,
,6,,F,,,30,3,,,,
,6,,F,,,40,1,,,,
,6,,F,,,65,1,,,,
,6,,F,,,65,1,,,,
,6,,F,,,72,3,,,,
,6,,F,,,80,1,,,,
,6,,F,,,100,1,,,,
,6,,F,,,210,1,,,,
,6,,F,,,320,1,,,,
,6,,F,,,420,1,,,,
,6,,G,,,6,2,,,,
,6,,G,,,8,6,,,,
,6,,G,,,10,2,,,,
,6,,G,,,12,3,,,,
,6,,G,,,14,1,,,,
,6,,G,,,15,2,,,,
,6,,G,,,23,1,,,,
,6,,G,,,24,1,,,,
,6,,G,,,25,1,,,,
,6,,G,,,28,2,,,,
,6,,G,,,30,3,,,,
,6,,H,,,15,1,,,,
,6,,H,,,20,3,,,,
,6,,J,,,8,1,,,,
,6,,J,,,9,1,,,,
,6,,J,,,12,1,,,,
,6,,J,,,15,1,,,,
,6,,J,,,28,1,,,,
,6,,K,,,5,10,,,,
,6,,K,,,6,20,,,,
,6,,K,,,8,5,,,,
,6,,K,,,10,2,,,,
,6,,K,,,12,3,,,,
,6,,K,,,15,2,,,,
,6,,K,,,20,1,,,,
,6,,L,,,24,1,,,,
,6,,M,,,8,1,,,,
,6,,M,,,20,1,,,,
,6,,M,,,32,1,,,,
,6,,M,,,40,1,,,,
,6,,M,,,65,1,,,,
,6,,M,,,70,1,,,,
,6,,MA,,,4,9,,,,
,6,,MA,,,6,7,,,,
,6,,MA,,,8,12,,,,
,6,,MA,,,10,3,,,,
,6,,MA,,,12,1,,,,
,6,,MA,,,17,2,,,,
,6,,MA,,,18,2,,,,
,6,,MA,,,30,2,,,,
,6,,MD,,,4,1,,,,
,6,,MD,,,8,4,,,,
,6,,MD,,,9,1,,,,
,6,,MD,,,10,7,,,,
,6,,MD,,,12,2,,,,
,6,,MD,,,15,9,,,,
,6,,MD,,,20,3,,,,
,6,,MD,,,22,1,,,,
,6,,MD,,,24,1,,,,
,6,,MD,,,30,1,,,,
,6,,MD,,,32,1,,,,
,6,,MD,,,35,1,,,,
,6,,P,,,6,13,,,,
,6,,P,,,8,3,,,,
,6,,P,,,9,1,,,,
,6,,P,,,10,8,,,,
,6,,P,,,12,6,,,,
,6,,P,,,14,1,,,,
,6,,P,,,15,3,,,,
,6,,P,,,16,2,,,,
,6,,P,,,18,1,,,,
,6,,P,,,20,2,,,,
,6,,P,,,25,2,,,,
,6,,P,,,28,2,,,,
,6,,P,,,30,4,,,,
,6,,P,,,38,1,,,,
,6,,P,,,60,1,,,,
,6,,PI,,,6,2,,,,
,6,,PI,,,8,1,,,,
,6,,PI,,,12,1,,,,
,6,,PI,,,50,1,,,,
,6,,PI,,,95,1,,,,
,6,,PI,,,95,1,,,,
,6,,T,,,20,1,,,,
,6,,T,,,25,1,,,,
,6,,T,,,30,1,,,,
,6,,T,,,32,1,,,,
,6,,T,,,84,1,,,,
,6,,V,,,8,2,,,,
,6,,V,,,9,1,,,,
,6,,V,,,15,2,,,,
,6,,V,,,20,2,,,,
,6,,V,,,25,2,,,,
,6,,V,,,40,1,,,,
,6,,VD,,,12,1,,,,
,6,,VD,,,20,2,,,,
,6,,VD,,,30,1,,,,
,6,,VD,,,35,1,,,,
,6,,VD,,,275,1,,,,
,6,,W,,,5,1,,,,
,6,,W,,,6,14,,,,
,6,,W,,,8,13,,,,
,6,,W,,,10,2,,,,
,6,,W,,,12,12,,,,
,6,,W,,,15,1,,,,
,6,,W,,,20,4,,,,
,6,,W,,,22,2,,,,
,6,,W,,,28,2,,,,
,6,,W,,,30,1,,,,
,6,,WD,,,8,2,,,,
,6,,WD,,,10,1,,,,
,6,,WD,,,16,1,,,,
,6,,WD,,,20,3,,,,
,6,,WD,,,28,1,,,,
,6,,WD,,,125,1,,,,
,7,,A,,,10,3,,,,
,7,,A,,,15,2,,,,
,7,,A,,,20,1,,,,
,7,,A,,,25,1,,,,
,7,,B,,,6,15,,,,
,7,,BD,,,10,1,,,,
,7,,BD,,,21,1,,,,
,7,,BD,,,40,1,,,,
,7,,C,,,10,1,,,,
,7,,C,,,72,1,,,,
,7,,CD,,,9,1,,,,
,7,,F,,,50,1,,,,
,7,,F,,,270,1,,,,
,7,,G,,,74,1,,,,
,7,,H,,,30,1,,,,
,7,,K,,,4,8,,,,
,7,,K,,,5,3,,,,
,7,,K,,,7,2,,,,
,7,,K,,,10,1,,,,
,7,,K,,,15,1,,,,
,7,,K,,,25,1,,,,
,7,,L,,,15,1,,,,
,7,,L,,,56,2,,,,
,7,,M,,,100,2,,,,
,7,,MA,,,8,1,,,,
,7,,MA,,,10,1,,,,
,7,,MA,,,15,1,,,,
,7,,MA,,,17,1,,,,
,7,,MA,,,30,1,,,,
,7,,MD,,,4,5,,,,
,7,,MD,,,6,1,,,,
,7,,MD,,,8,4,,,,
,7,,MD,,,10,3,,,,
,7,,MD,,,12,3,,,,
,7,,MD,,,15,2,,,,
,7,,MD,,,18,1,,,,
,7,,MD,,,20,3,,,,
,7,,MD,,,25,1,,,,
,7,,MD,,,60,1,,,,
,7,,MD,,,72,1,,,,
,7,,MD,,,75,1,,,,
,7,,P,,,4,4,,,,
,7,,P,,,6,3,,,,
,7,,P,,,9,1,,,,
,7,,P,,,12,4,,,,
,7,,P,,,15,1,,,,
,7,,P,,,75,1,,,,
,7,,PI,,,15,1,,,,
,7,,T,,,9,1,,,,
,7,,T,,,12,2,,,,
,7,,T,,,18,1,,,,
,7,,T,,,80,1,,,,
,7,,V,,,3,1,,,,
,7,,V,,,6,1,,,,
,7,,V,,,8,1,,,,
,7,,V,,,12,1,,,,
,7,,V,,,15,1,,,,
,7,,V,,,15,1,,,,
,7,,VD,,,20,2,,,,
,7,,VD,,,35,1,,,,
,7,,VD,,,64,1,,,,
,7,,VD,,,490,1,,,,
,7,,WG,,,21,1,,,,
,-,,SM,,,4,2,,,,
,-,,SM,,,5,1,,,,
,-,,SM,,,6,1,,,,
,-,,SM,,,7,1,,,,
,-,,SM,,,8,9,,,,
,-,,SM,,,9,1,,,,
,-,,SM,,,10,8,,,,
